three,one,MW,lambdas,sigmas,q,lambdas_-1,lambdas_0
ARG,R,156.19,0.6662169221299902,0.656,1.0,0.730762476751717,0.6662169221299902
ASP,D,115.09,0.03739459359605084,0.558,-1.0,0.0416040480605567,0.03739459359605084
ASN,N,114.1,0.3730446715974132,0.568,0.0,0.425585900978771,0.3730446715974132
GLU,E,129.11,0.0042144470957994045,0.592,-1.0,0.0006935460962935,0.0042144470957994045
LYS,K,128.17,0.1388727087711029,0.636,1.0,0.179021173899058,0.1388727087711029
HIS,H,137.14,0.5088973706620938,0.608,0.0,0.466366729055799,0.5088973706620938
GLN,Q,128.13,0.3504691565583181,0.602,0.0,0.393431855105604,0.3504691565583181
SER,S,87.08,0.34910009524217606,0.518,0.0,0.462541681161154,0.34910009524217606
CYS,C,103.14,0.5715720981883547,0.548,0.0,0.561543509914178,0.5715720981883547
GLY,G,57.05,0.8260043789912279,0.45,0.0,0.70588437336664,0.8260043789912279
THR,T,101.11,0.31302282094004374,0.562,0.0,0.371316297627396,0.31302282094004374
ALA,A,71.07,0.2866844245512735,0.504,0.0,0.274329796904035,0.2866844245512735
MET,M,131.2,0.5104450938106921,0.618,0.0,0.53084811343375,0.5104450938106921
TYR,Y,163.18,0.9341042957545312,0.646,0.0,0.977461144934346,0.9341042957545312
VAL,V,99.13,0.22315910266237582,0.586,0.0,0.208376960817448,0.22315910266237582
TRP,W,186.22,0.9745463099880399,0.678,0.0,0.989376474037164,0.9745463099880399
LEU,L,113.16,0.5730456498643525,0.618,0.0,0.644000500778223,0.5730456498643525
ILE,I,113.16,0.5208009617215544,0.618,0.0,0.542362361067189,0.5208009617215544
PRO,P,97.12,0.25432105909410974,0.556,0.0,0.359312657636464,0.25432105909410974
PHE,F,147.18,0.8792261323179018,0.636,0.0,0.867235898206298,0.8792261323179018
