one,three,MW,lambdas,sigmas,q
R,ARG,156.19,0.6796637221864344,0.656,1.0
D,ASP,115.09,0.0055059217733117,0.558,-1.0
N,ASN,114.1,0.4134486371847868,0.568,0.0
E,GLU,129.11,0.0023931708294893,0.592,-1.0
K,LYS,128.17,0.1521333964343864,0.636,1.0
H,HIS,137.14,0.479094681000366,0.608,0.0
Q,GLN,128.13,0.3786338112554538,0.602,0.0
S,SER,87.08,0.389923923954667,0.518,0.0
C,CYS,103.14,0.5577239265523176,0.548,0.0
G,GLY,57.05,0.7815754421451471,0.45,0.0
T,THR,101.11,0.3063730762955666,0.562,0.0
A,ALA,71.07,0.2744957734406132,0.504,0.0
M,MET,131.2,0.5243859500726872,0.618,0.0
Y,TYR,163.18,0.9460234596698058,0.646,0.0
V,VAL,99.13,0.190647328673994,0.586,0.0
W,TRP,186.22,0.9942953930174068,0.678,0.0
L,LEU,113.16,0.5675909080891386,0.618,0.0
I,ILE,113.16,0.5369260546196019,0.618,0.0
P,PRO,97.12,0.293461998964783,0.556,0.0
F,PHE,147.18,0.8706152820584315,0.636,0.0
