one,three,MW,lambdas,sigmas,q
R,ARG,156.19,0.730762476751717,0.656,1.0
D,ASP,115.09,0.0416040480605567,0.558,-1.0
N,ASN,114.1,0.425585900978771,0.568,0.0
E,GLU,129.11,0.0006935460962935,0.592,-1.0
K,LYS,128.17,0.179021173899058,0.636,1.0
H,HIS,137.14,0.466366729055799,0.608,0.0
Q,GLN,128.13,0.393431855105604,0.602,0.0
S,SER,87.08,0.462541681161154,0.518,0.0
C,CYS,103.14,0.561543509914178,0.548,0.0
G,GLY,57.05,0.70588437336664,0.45,0.0
T,THR,101.11,0.371316297627396,0.562,0.0
A,ALA,71.07,0.274329796904035,0.504,0.0
M,MET,131.2,0.53084811343375,0.618,0.0
Y,TYR,163.18,0.977461144934346,0.646,0.0
V,VAL,99.13,0.208376960817448,0.586,0.0
W,TRP,186.22,0.989376474037164,0.678,0.0
L,LEU,113.16,0.644000500778223,0.618,0.0
I,ILE,113.16,0.542362361067189,0.618,0.0
P,PRO,97.12,0.359312657636464,0.556,0.0
F,PHE,147.18,0.867235898206298,0.636,0.0
