three,one,MW,lambdas,sigmas,q,lambdas_-1,lambdas_0
ARG,R,156.19,0.6796637221864344,0.656,1.0,0.730762476751717,0.6796637221864344
ASP,D,115.09,0.005505921773311755,0.558,-1.0,0.0416040480605567,0.005505921773311755
ASN,N,114.1,0.41344863718478686,0.568,0.0,0.425585900978771,0.41344863718478686
GLU,E,129.11,0.002393170829489399,0.592,-1.0,0.0006935460962935,0.002393170829489399
LYS,K,128.17,0.15213339643438645,0.636,1.0,0.179021173899058,0.15213339643438645
HIS,H,137.14,0.479094681000366,0.608,0.0,0.466366729055799,0.479094681000366
GLN,Q,128.13,0.37863381125545387,0.602,0.0,0.393431855105604,0.37863381125545387
SER,S,87.08,0.389923923954667,0.518,0.0,0.462541681161154,0.389923923954667
CYS,C,103.14,0.5577239265523176,0.548,0.0,0.561543509914178,0.5577239265523176
GLY,G,57.05,0.7815754421451471,0.45,0.0,0.70588437336664,0.7815754421451471
THR,T,101.11,0.30637307629556665,0.562,0.0,0.371316297627396,0.30637307629556665
ALA,A,71.07,0.27449577344061327,0.504,0.0,0.274329796904035,0.27449577344061327
MET,M,131.2,0.5243859500726872,0.618,0.0,0.53084811343375,0.5243859500726872
TYR,Y,163.18,0.9460234596698058,0.646,0.0,0.977461144934346,0.9460234596698058
VAL,V,99.13,0.19064732867399406,0.586,0.0,0.208376960817448,0.19064732867399406
TRP,W,186.22,0.9942953930174069,0.678,0.0,0.989376474037164,0.9942953930174069
LEU,L,113.16,0.5675909080891386,0.618,0.0,0.644000500778223,0.5675909080891386
ILE,I,113.16,0.5369260546196019,0.618,0.0,0.542362361067189,0.5369260546196019
PRO,P,97.12,0.29346199896478303,0.556,0.0,0.359312657636464,0.29346199896478303
PHE,F,147.18,0.8706152820584315,0.636,0.0,0.867235898206298,0.8706152820584315
