three,one,MW,lambdas,sigmas,q,lambdas_-1,lambdas_0
ARG,R,156.19,0.6467945562524376,0.656,1.0,0.730762476751717,0.6467945562524376
ASP,D,115.09,0.0006709528463981693,0.558,-1.0,0.0416040480605567,0.0006709528463981693
ASN,N,114.1,0.28254038417568755,0.568,0.0,0.425585900978771,0.28254038417568755
GLU,E,129.11,0.0005465618398400405,0.592,-1.0,0.0006935460962935,0.0005465618398400405
LYS,K,128.17,0.20244495893410466,0.636,1.0,0.179021173899058,0.20244495893410466
HIS,H,137.14,0.6405294380239706,0.608,0.0,0.466366729055799,0.6405294380239706
GLN,Q,128.13,0.37030271315223107,0.602,0.0,0.393431855105604,0.37030271315223107
SER,S,87.08,0.2589937891443457,0.518,0.0,0.462541681161154,0.2589937891443457
CYS,C,103.14,0.6771553729782475,0.548,0.0,0.561543509914178,0.6771553729782475
GLY,G,57.05,0.9662697992607506,0.45,0.0,0.70588437336664,0.9662697992607506
THR,T,101.11,0.2190660102267831,0.562,0.0,0.371316297627396,0.2190660102267831
ALA,A,71.07,0.3557770154888746,0.504,0.0,0.274329796904035,0.3557770154888746
MET,M,131.2,0.5776006020631691,0.618,0.0,0.53084811343375,0.5776006020631691
TYR,Y,163.18,0.8173230234669553,0.646,0.0,0.977461144934346,0.8173230234669553
VAL,V,99.13,0.29192459642170865,0.586,0.0,0.208376960817448,0.29192459642170865
TRP,W,186.22,0.9649375889648055,0.678,0.0,0.989376474037164,0.9649375889648055
LEU,L,113.16,0.49999490437803507,0.618,0.0,0.644000500778223,0.49999490437803507
ILE,I,113.16,0.5054794472772411,0.618,0.0,0.542362361067189,0.5054794472772411
PRO,P,97.12,0.17797229059707803,0.556,0.0,0.359312657636464,0.17797229059707803
PHE,F,147.18,0.8263550918741494,0.636,0.0,0.867235898206298,0.8263550918741494
