three,one,MW,lambdas,sigmas,q,lambdas_-1,lambdas_0
ARG,R,156.19,0.6366785748623587,0.656,1.0,0.730762476751717,0.6366785748623587
ASP,D,115.09,0.016798785210451864,0.558,-1.0,0.0416040480605567,0.016798785210451864
ASN,N,114.1,0.3546311604420118,0.568,0.0,0.425585900978771,0.3546311604420118
GLU,E,129.11,0.0006370443013877063,0.592,-1.0,0.0006935460962935,0.0006370443013877063
LYS,K,128.17,0.17084359284625042,0.636,1.0,0.179021173899058,0.17084359284625042
HIS,H,137.14,0.5327342069764756,0.608,0.0,0.466366729055799,0.5327342069764756
GLN,Q,128.13,0.3748584072877118,0.602,0.0,0.393431855105604,0.3748584072877118
SER,S,87.08,0.28575066020981,0.518,0.0,0.462541681161154,0.28575066020981
CYS,C,103.14,0.5761393614930231,0.548,0.0,0.561543509914178,0.5761393614930231
GLY,G,57.05,0.8910123915669814,0.45,0.0,0.70588437336664,0.8910123915669814
THR,T,101.11,0.27561745318807646,0.562,0.0,0.371316297627396,0.27561745318807646
ALA,A,71.07,0.30803370124036594,0.504,0.0,0.274329796904035,0.30803370124036594
MET,M,131.2,0.5355736507288339,0.618,0.0,0.53084811343375,0.5355736507288339
TYR,Y,163.18,0.882987554838183,0.646,0.0,0.977461144934346,0.882987554838183
VAL,V,99.13,0.27985621784747755,0.586,0.0,0.208376960817448,0.27985621784747755
TRP,W,186.22,1.0053284425670126,0.678,0.0,0.989376474037164,1.0053284425670126
LEU,L,113.16,0.547672514127072,0.618,0.0,0.644000500778223,0.547672514127072
ILE,I,113.16,0.49813473124021024,0.618,0.0,0.542362361067189,0.49813473124021024
PRO,P,97.12,0.21277132758749448,0.556,0.0,0.359312657636464,0.21277132758749448
PHE,F,147.18,0.8662706655243303,0.636,0.0,0.867235898206298,0.8662706655243303
