three,one,MW,lambdas,sigmas,q,lambdas_-1,lambdas_0
ARG,R,156.19,0.7027120778660062,0.656,1.0,0.730762476751717,0.7027120778660062
ASP,D,115.09,0.014162474957898762,0.558,-1.0,0.0416040480605567,0.014162474957898762
ASN,N,114.1,0.4304084583816965,0.568,0.0,0.425585900978771,0.4304084583816965
GLU,E,129.11,2.2066043098675076e-05,0.592,-1.0,0.0006935460962935,2.2066043098675076e-05
LYS,K,128.17,0.14185933934961353,0.636,1.0,0.179021173899058,0.14185933934961353
HIS,H,137.14,0.4594948630364489,0.608,0.0,0.466366729055799,0.4594948630364489
GLN,Q,128.13,0.3738325920233683,0.602,0.0,0.393431855105604,0.3738325920233683
SER,S,87.08,0.41674098284732075,0.518,0.0,0.462541681161154,0.41674098284732075
CYS,C,103.14,0.547106935734533,0.548,0.0,0.561543509914178,0.547106935734533
GLY,G,57.05,0.7406509236062973,0.45,0.0,0.70588437336664,0.7406509236062973
THR,T,101.11,0.33659615377471497,0.562,0.0,0.371316297627396,0.33659615377471497
ALA,A,71.07,0.25603963909754557,0.504,0.0,0.274329796904035,0.25603963909754557
MET,M,131.2,0.5361992698376543,0.618,0.0,0.53084811343375,0.5361992698376543
TYR,Y,163.18,0.9465694622035671,0.646,0.0,0.977461144934346,0.9465694622035671
VAL,V,99.13,0.2020479803393389,0.586,0.0,0.208376960817448,0.2020479803393389
TRP,W,186.22,0.987833351328758,0.678,0.0,0.989376474037164,0.987833351328758
LEU,L,113.16,0.6057091209862994,0.618,0.0,0.644000500778223,0.6057091209862994
ILE,I,113.16,0.529063580454764,0.618,0.0,0.542362361067189,0.529063580454764
PRO,P,97.12,0.3174975866832054,0.556,0.0,0.359312657636464,0.3174975866832054
PHE,F,147.18,0.8720098899280398,0.636,0.0,0.867235898206298,0.8720098899280398
