three,one,MW,lambdas,sigmas,q,lambdas_-1,lambdas_0
ARG,R,156.19,0.6457072891754042,0.656,1.0,0.730762476751717,0.6457072891754042
ASP,D,115.09,0.0037092007355233013,0.558,-1.0,0.0416040480605567,0.0037092007355233013
ASN,N,114.1,0.3872720640371647,0.568,0.0,0.425585900978771,0.3872720640371647
GLU,E,129.11,0.0011950865401927913,0.592,-1.0,0.0006935460962935,0.0011950865401927913
LYS,K,128.17,0.15930932999892342,0.636,1.0,0.179021173899058,0.15930932999892342
HIS,H,137.14,0.5456784539129619,0.608,0.0,0.466366729055799,0.5456784539129619
GLN,Q,128.13,0.3905839352502652,0.602,0.0,0.393431855105604,0.3905839352502652
SER,S,87.08,0.3139950187021707,0.518,0.0,0.462541681161154,0.3139950187021707
CYS,C,103.14,0.57237204594797,0.548,0.0,0.561543509914178,0.57237204594797
GLY,G,57.05,0.8824731962005573,0.45,0.0,0.70588437336664,0.8824731962005573
THR,T,101.11,0.2625734139334602,0.562,0.0,0.371316297627396,0.2625734139334602
ALA,A,71.07,0.3228001136517891,0.504,0.0,0.274329796904035,0.3228001136517891
MET,M,131.2,0.537148833611007,0.618,0.0,0.53084811343375,0.537148833611007
TYR,Y,163.18,0.8668132358026266,0.646,0.0,0.977461144934346,0.8668132358026266
VAL,V,99.13,0.26314674733325627,0.586,0.0,0.208376960817448,0.26314674733325627
TRP,W,186.22,0.998149815177188,0.678,0.0,0.989376474037164,0.998149815177188
LEU,L,113.16,0.5322762262335863,0.618,0.0,0.644000500778223,0.5322762262335863
ILE,I,113.16,0.5098499330709045,0.618,0.0,0.542362361067189,0.5098499330709045
PRO,P,97.12,0.2357888557736079,0.556,0.0,0.359312657636464,0.2357888557736079
PHE,F,147.18,0.8338532953193616,0.636,0.0,0.867235898206298,0.8338532953193616
