three,one,MW,lambdas,sigmas,q,lambdas_-1,lambdas_0
ARG,R,156.19,0.6809221968661537,0.656,1.0,0.730762476751717,0.6809221968661537
ASP,D,115.09,0.007107598860818,0.558,-1.0,0.0416040480605567,0.007107598860818
ASN,N,114.1,0.427047087063984,0.568,0.0,0.425585900978771,0.427047087063984
GLU,E,129.11,0.002098820753094763,0.592,-1.0,0.0006935460962935,0.002098820753094763
LYS,K,128.17,0.14163320895047843,0.636,1.0,0.179021173899058,0.14163320895047843
HIS,H,137.14,0.45853168212742845,0.608,0.0,0.466366729055799,0.45853168212742845
GLN,Q,128.13,0.36877588287211965,0.602,0.0,0.393431855105604,0.36877588287211965
SER,S,87.08,0.3885532433928008,0.518,0.0,0.462541681161154,0.3885532433928008
CYS,C,103.14,0.560325271490045,0.548,0.0,0.561543509914178,0.560325271490045
GLY,G,57.05,0.7693189789564658,0.45,0.0,0.70588437336664,0.7693189789564658
THR,T,101.11,0.32026540079485954,0.562,0.0,0.371316297627396,0.32026540079485954
ALA,A,71.07,0.28590126656380166,0.504,0.0,0.274329796904035,0.28590126656380166
MET,M,131.2,0.5321533751597349,0.618,0.0,0.53084811343375,0.5321533751597349
TYR,Y,163.18,0.9478680035651122,0.646,0.0,0.977461144934346,0.9478680035651122
VAL,V,99.13,0.20906467914709714,0.586,0.0,0.208376960817448,0.20906467914709714
TRP,W,186.22,0.9981452771156192,0.678,0.0,0.989376474037164,0.9981452771156192
LEU,L,113.16,0.5868961633847355,0.618,0.0,0.644000500778223,0.5868961633847355
ILE,I,113.16,0.5110468017791051,0.618,0.0,0.542362361067189,0.5110468017791051
PRO,P,97.12,0.2937676918791804,0.556,0.0,0.359312657636464,0.2937676918791804
PHE,F,147.18,0.8946506507492457,0.636,0.0,0.867235898206298,0.8946506507492457
