three,one,MW,lambdas,sigmas,q,lambdas_-1,lambdas_0
ARG,R,156.19,0.6946132701439052,0.656,1.0,0.730762476751717,0.6946132701439052
ASP,D,115.09,0.033162451935648776,0.558,-1.0,0.0416040480605567,0.033162451935648776
ASN,N,114.1,0.4119434980627173,0.568,0.0,0.425585900978771,0.4119434980627173
GLU,E,129.11,0.0006935460962935,0.592,-1.0,0.0006935460962935,0.0006935460962935
LYS,K,128.17,0.16061796117485982,0.636,1.0,0.179021173899058,0.16061796117485982
HIS,H,137.14,0.4671499300807098,0.608,0.0,0.466366729055799,0.4671499300807098
GLN,Q,128.13,0.3714740696095038,0.602,0.0,0.393431855105604,0.3714740696095038
SER,S,87.08,0.40149834714044297,0.518,0.0,0.462541681161154,0.40149834714044297
CYS,C,103.14,0.5720435459709685,0.548,0.0,0.561543509914178,0.5720435459709685
GLY,G,57.05,0.7484685045965778,0.45,0.0,0.70588437336664,0.7484685045965778
THR,T,101.11,0.33571158412888474,0.562,0.0,0.371316297627396,0.33571158412888474
ALA,A,71.07,0.27488958162735955,0.504,0.0,0.274329796904035,0.27488958162735955
MET,M,131.2,0.5131058656262464,0.618,0.0,0.53084811343375,0.5131058656262464
TYR,Y,163.18,0.9506468161622015,0.646,0.0,0.977461144934346,0.9506468161622015
VAL,V,99.13,0.20398011841517585,0.586,0.0,0.208376960817448,0.20398011841517585
TRP,W,186.22,0.975161822358038,0.678,0.0,0.989376474037164,0.975161822358038
LEU,L,113.16,0.5894907329714868,0.618,0.0,0.644000500778223,0.5894907329714868
ILE,I,113.16,0.5215544756687083,0.618,0.0,0.542362361067189,0.5215544756687083
PRO,P,97.12,0.31361459523854296,0.556,0.0,0.359312657636464,0.31361459523854296
PHE,F,147.18,0.8771449994287736,0.636,0.0,0.867235898206298,0.8771449994287736
