three,one,MW,lambdas,sigmas,q,lambdas_-1,lambdas_0
ARG,R,156.19,0.6495454112771291,0.656,1.0,0.730762476751717,0.6495454112771291
ASP,D,115.09,0.025309082823289395,0.558,-1.0,0.0416040480605567,0.025309082823289395
ASN,N,114.1,0.3765795766812021,0.568,0.0,0.425585900978771,0.3765795766812021
GLU,E,129.11,0.0012372555570582127,0.592,-1.0,0.0006935460962935,0.0012372555570582127
LYS,K,128.17,0.1790084535108501,0.636,1.0,0.179021173899058,0.1790084535108501
HIS,H,137.14,0.539441111572129,0.608,0.0,0.466366729055799,0.539441111572129
GLN,Q,128.13,0.3740784650351731,0.602,0.0,0.393431855105604,0.3740784650351731
SER,S,87.08,0.28802691037683115,0.518,0.0,0.462541681161154,0.28802691037683115
CYS,C,103.14,0.573469165107237,0.548,0.0,0.561543509914178,0.573469165107237
GLY,G,57.05,0.8904372560306799,0.45,0.0,0.70588437336664,0.8904372560306799
THR,T,101.11,0.28908899577641023,0.562,0.0,0.371316297627396,0.28908899577641023
ALA,A,71.07,0.32723431035393075,0.504,0.0,0.274329796904035,0.32723431035393075
MET,M,131.2,0.5176088210095117,0.618,0.0,0.53084811343375,0.5176088210095117
TYR,Y,163.18,0.8780901879106208,0.646,0.0,0.977461144934346,0.8780901879106208
VAL,V,99.13,0.25220731737755264,0.586,0.0,0.208376960817448,0.25220731737755264
TRP,W,186.22,0.9678709480051851,0.678,0.0,0.989376474037164,0.9678709480051851
LEU,L,113.16,0.5395804641083615,0.618,0.0,0.644000500778223,0.5395804641083615
ILE,I,113.16,0.5120858568993577,0.618,0.0,0.542362361067189,0.5120858568993577
PRO,P,97.12,0.22032406335700905,0.556,0.0,0.359312657636464,0.22032406335700905
PHE,F,147.18,0.8345509627550577,0.636,0.0,0.867235898206298,0.8345509627550577
