three,one,MW,lambdas,sigmas,q,lambdas_-1,lambdas_0
ARG,R,156.19,0.6568228327345003,0.656,1.0,0.730762476751717,0.6568228327345003
ASP,D,115.09,0.018729174267334395,0.558,-1.0,0.0416040480605567,0.018729174267334395
ASN,N,114.1,0.32198038261668754,0.568,0.0,0.425585900978771,0.32198038261668754
GLU,E,129.11,0.0008973122308828154,0.592,-1.0,0.0006935460962935,0.0008973122308828154
LYS,K,128.17,0.19972184968748563,0.636,1.0,0.179021173899058,0.19972184968748563
HIS,H,137.14,0.6104038481538285,0.608,0.0,0.466366729055799,0.6104038481538285
GLN,Q,128.13,0.3248319314646556,0.602,0.0,0.393431855105604,0.3248319314646556
SER,S,87.08,0.22247108353342093,0.518,0.0,0.462541681161154,0.22247108353342093
CYS,C,103.14,0.6607229998203642,0.548,0.0,0.561543509914178,0.6607229998203642
GLY,G,57.05,0.9632586952693512,0.45,0.0,0.70588437336664,0.9632586952693512
THR,T,101.11,0.2523475620083538,0.562,0.0,0.371316297627396,0.2523475620083538
ALA,A,71.07,0.3571972461564351,0.504,0.0,0.274329796904035,0.3571972461564351
MET,M,131.2,0.5909144486779478,0.618,0.0,0.53084811343375,0.5909144486779478
TYR,Y,163.18,0.8345547174940162,0.646,0.0,0.977461144934346,0.8345547174940162
VAL,V,99.13,0.30326770132335795,0.586,0.0,0.208376960817448,0.30326770132335795
TRP,W,186.22,0.9689746209356547,0.678,0.0,0.989376474037164,0.9689746209356547
LEU,L,113.16,0.5109839900997412,0.618,0.0,0.644000500778223,0.5109839900997412
ILE,I,113.16,0.45641814645861273,0.618,0.0,0.542362361067189,0.45641814645861273
PRO,P,97.12,0.19952681461925378,0.556,0.0,0.359312657636464,0.19952681461925378
PHE,F,147.18,0.806289714940896,0.636,0.0,0.867235898206298,0.806289714940896
