three,one,MW,lambdas,sigmas,q,lambdas_-1,lambdas_0
ARG,R,156.19,0.6676274202366708,0.656,1.0,0.730762476751717,0.6676274202366708
ASP,D,115.09,0.004866163925837904,0.558,-1.0,0.0416040480605567,0.004866163925837904
ASN,N,114.1,0.3628566315156247,0.568,0.0,0.425585900978771,0.3628566315156247
GLU,E,129.11,0.002719822510797042,0.592,-1.0,0.0006935460962935,0.002719822510797042
LYS,K,128.17,0.15554558370209923,0.636,1.0,0.179021173899058,0.15554558370209923
HIS,H,137.14,0.5201928194139098,0.608,0.0,0.466366729055799,0.5201928194139098
GLN,Q,128.13,0.35971849414625173,0.602,0.0,0.393431855105604,0.35971849414625173
SER,S,87.08,0.34648513176265483,0.518,0.0,0.462541681161154,0.34648513176265483
CYS,C,103.14,0.5620073846857611,0.548,0.0,0.561543509914178,0.5620073846857611
GLY,G,57.05,0.8521067054898082,0.45,0.0,0.70588437336664,0.8521067054898082
THR,T,101.11,0.29757680486960125,0.562,0.0,0.371316297627396,0.29757680486960125
ALA,A,71.07,0.3111386213394167,0.504,0.0,0.274329796904035,0.3111386213394167
MET,M,131.2,0.5170216576085283,0.618,0.0,0.53084811343375,0.5170216576085283
TYR,Y,163.18,0.9280953597295014,0.646,0.0,0.977461144934346,0.9280953597295014
VAL,V,99.13,0.22970885024066162,0.586,0.0,0.208376960817448,0.22970885024066162
TRP,W,186.22,0.9966383641304589,0.678,0.0,0.989376474037164,0.9966383641304589
LEU,L,113.16,0.5558072656075091,0.618,0.0,0.644000500778223,0.5558072656075091
ILE,I,113.16,0.5178829712399994,0.618,0.0,0.542362361067189,0.5178829712399994
PRO,P,97.12,0.2313158989470952,0.556,0.0,0.359312657636464,0.2313158989470952
PHE,F,147.18,0.8540060077633885,0.636,0.0,0.867235898206298,0.8540060077633885
