three,one,MW,lambdas,sigmas,q,lambdas_-1,lambdas_0
ARG,R,156.19,0.6767862764247339,0.656,1.0,0.730762476751717,0.6767862764247339
ASP,D,115.09,0.018885525122932886,0.558,-1.0,0.0416040480605567,0.018885525122932886
ASN,N,114.1,0.3807775482886284,0.568,0.0,0.425585900978771,0.3807775482886284
GLU,E,129.11,0.002573042681448523,0.592,-1.0,0.0006935460962935,0.002573042681448523
LYS,K,128.17,0.15327010743429553,0.636,1.0,0.179021173899058,0.15327010743429553
HIS,H,137.14,0.5247892975146032,0.608,0.0,0.466366729055799,0.5247892975146032
GLN,Q,128.13,0.34702005506581346,0.602,0.0,0.393431855105604,0.34702005506581346
SER,S,87.08,0.3215260584535094,0.518,0.0,0.462541681161154,0.3215260584535094
CYS,C,103.14,0.5688322179990571,0.548,0.0,0.561543509914178,0.5688322179990571
GLY,G,57.05,0.8575114711688923,0.45,0.0,0.70588437336664,0.8575114711688923
THR,T,101.11,0.30832255639069145,0.562,0.0,0.371316297627396,0.30832255639069145
ALA,A,71.07,0.29721610165867396,0.504,0.0,0.274329796904035,0.29721610165867396
MET,M,131.2,0.5068096155668608,0.618,0.0,0.53084811343375,0.5068096155668608
TYR,Y,163.18,0.9159223546176769,0.646,0.0,0.977461144934346,0.9159223546176769
VAL,V,99.13,0.22680979352628167,0.586,0.0,0.208376960817448,0.22680979352628167
TRP,W,186.22,1.0017109892314373,0.678,0.0,0.989376474037164,1.0017109892314373
LEU,L,113.16,0.5835238209405,0.618,0.0,0.644000500778223,0.5835238209405
ILE,I,113.16,0.507709781107328,0.618,0.0,0.542362361067189,0.507709781107328
PRO,P,97.12,0.21408154032936397,0.556,0.0,0.359312657636464,0.21408154032936397
PHE,F,147.18,0.8625068728503924,0.636,0.0,0.867235898206298,0.8625068728503924
