three,one,MW,lambdas,sigmas,q,lambdas_-1,lambdas_0
ARG,R,156.19,0.6710981789797292,0.656,1.0,0.730762476751717,0.6710981789797292
ASP,D,115.09,0.0037324607382332176,0.558,-1.0,0.0416040480605567,0.0037324607382332176
ASN,N,114.1,0.3862914211508128,0.568,0.0,0.425585900978771,0.3862914211508128
GLU,E,129.11,0.00111084590196474,0.592,-1.0,0.0006935460962935,0.00111084590196474
LYS,K,128.17,0.1560312384951279,0.636,1.0,0.179021173899058,0.1560312384951279
HIS,H,137.14,0.4949202246629093,0.608,0.0,0.466366729055799,0.4949202246629093
GLN,Q,128.13,0.3601981940673975,0.602,0.0,0.393431855105604,0.3601981940673975
SER,S,87.08,0.3534413572194194,0.518,0.0,0.462541681161154,0.3534413572194194
CYS,C,103.14,0.5609798429263152,0.548,0.0,0.561543509914178,0.5609798429263152
GLY,G,57.05,0.8180704090658187,0.45,0.0,0.70588437336664,0.8180704090658187
THR,T,101.11,0.33729852583077813,0.562,0.0,0.371316297627396,0.33729852583077813
ALA,A,71.07,0.2795856491013403,0.504,0.0,0.274329796904035,0.2795856491013403
MET,M,131.2,0.5497577694309081,0.618,0.0,0.53084811343375,0.5497577694309081
TYR,Y,163.18,0.9190630136575644,0.646,0.0,0.977461144934346,0.9190630136575644
VAL,V,99.13,0.21526310316951605,0.586,0.0,0.208376960817448,0.21526310316951605
TRP,W,186.22,0.9701993857365817,0.678,0.0,0.989376474037164,0.9701993857365817
LEU,L,113.16,0.5807749360011222,0.618,0.0,0.644000500778223,0.5807749360011222
ILE,I,113.16,0.5155038172533264,0.618,0.0,0.542362361067189,0.5155038172533264
PRO,P,97.12,0.24942756389654328,0.556,0.0,0.359312657636464,0.24942756389654328
PHE,F,147.18,0.8895458085112287,0.636,0.0,0.867235898206298,0.8895458085112287
