three,one,MW,lambdas,sigmas,q,lambdas_-1,lambdas_0
ARG,R,156.19,0.6896484012864615,0.656,1.0,0.730762476751717,0.6896484012864615
ASP,D,115.09,0.006012574378693153,0.558,-1.0,0.0416040480605567,0.006012574378693153
ASN,N,114.1,0.37805253814494644,0.568,0.0,0.425585900978771,0.37805253814494644
GLU,E,129.11,0.0015547742528873735,0.592,-1.0,0.0006935460962935,0.0015547742528873735
LYS,K,128.17,0.15918941143168527,0.636,1.0,0.179021173899058,0.15918941143168527
HIS,H,137.14,0.503397443399858,0.608,0.0,0.466366729055799,0.503397443399858
GLN,Q,128.13,0.352137767445039,0.602,0.0,0.393431855105604,0.352137767445039
SER,S,87.08,0.37793650188880257,0.518,0.0,0.462541681161154,0.37793650188880257
CYS,C,103.14,0.5545798997596368,0.548,0.0,0.561543509914178,0.5545798997596368
GLY,G,57.05,0.8100150594981835,0.45,0.0,0.70588437336664,0.8100150594981835
THR,T,101.11,0.3178474654398462,0.562,0.0,0.371316297627396,0.3178474654398462
ALA,A,71.07,0.28393717225162596,0.504,0.0,0.274329796904035,0.28393717225162596
MET,M,131.2,0.5360756045946604,0.618,0.0,0.53084811343375,0.5360756045946604
TYR,Y,163.18,0.9313871414776477,0.646,0.0,0.977461144934346,0.9313871414776477
VAL,V,99.13,0.21737710415598338,0.586,0.0,0.208376960817448,0.21737710415598338
TRP,W,186.22,0.9886594332150148,0.678,0.0,0.989376474037164,0.9886594332150148
LEU,L,113.16,0.5630870814837654,0.618,0.0,0.644000500778223,0.5630870814837654
ILE,I,113.16,0.5133501502928317,0.618,0.0,0.542362361067189,0.5133501502928317
PRO,P,97.12,0.2770840289427499,0.556,0.0,0.359312657636464,0.2770840289427499
PHE,F,147.18,0.8502608226907851,0.636,0.0,0.867235898206298,0.8502608226907851
