three,one,MW,lambdas,sigmas,q,lambdas_-1,lambdas_0
ARG,R,156.19,0.7035910363889886,0.656,1.0,0.730762476751717,0.7035910363889886
ASP,D,115.09,0.008798429463819424,0.558,-1.0,0.0416040480605567,0.008798429463819424
ASN,N,114.1,0.4191988829512435,0.568,0.0,0.425585900978771,0.4191988829512435
GLU,E,129.11,0.004116511588651228,0.592,-1.0,0.0006935460962935,0.004116511588651228
LYS,K,128.17,0.1358639224059644,0.636,1.0,0.179021173899058,0.1358639224059644
HIS,H,137.14,0.4737157388689889,0.608,0.0,0.466366729055799,0.4737157388689889
GLN,Q,128.13,0.3677985454897284,0.602,0.0,0.393431855105604,0.3677985454897284
SER,S,87.08,0.406146678046682,0.518,0.0,0.462541681161154,0.406146678046682
CYS,C,103.14,0.5647584765871644,0.548,0.0,0.561543509914178,0.5647584765871644
GLY,G,57.05,0.7580287810286652,0.45,0.0,0.70588437336664,0.7580287810286652
THR,T,101.11,0.34350488185711453,0.562,0.0,0.371316297627396,0.34350488185711453
ALA,A,71.07,0.26809307307240066,0.504,0.0,0.274329796904035,0.26809307307240066
MET,M,131.2,0.5190687681067986,0.618,0.0,0.53084811343375,0.5190687681067986
TYR,Y,163.18,0.9720140050649724,0.646,0.0,0.977461144934346,0.9720140050649724
VAL,V,99.13,0.19292363526636022,0.586,0.0,0.208376960817448,0.19292363526636022
TRP,W,186.22,0.9795356856942087,0.678,0.0,0.989376474037164,0.9795356856942087
LEU,L,113.16,0.600922587809929,0.618,0.0,0.644000500778223,0.600922587809929
ILE,I,113.16,0.5368187331887242,0.618,0.0,0.542362361067189,0.5368187331887242
PRO,P,97.12,0.2971327673690772,0.556,0.0,0.359312657636464,0.2971327673690772
PHE,F,147.18,0.8721957964754755,0.636,0.0,0.867235898206298,0.8721957964754755
