one,three,MW,lambdas,sigmas,q
R,ARG,156.19,0.6841339241424851,0.5600542499707705,1.0
D,ASP,115.09,0.0004698449700871,0.5600542499707705,-1.0
N,ASN,114.1,0.3784231254902556,0.5600542499707705,0.0
E,GLU,129.11,0.0068771715680846,0.5600542499707705,-1.0
K,LYS,128.17,0.1326313208137711,0.5600542499707705,1.0
H,HIS,137.14,0.4573474681834355,0.5600542499707705,0.0
Q,GLN,128.13,0.35951515671103,0.5600542499707705,0.0
S,SER,87.08,0.3716546926393246,0.5600542499707705,0.0
C,CYS,103.14,0.553267459961162,0.5600542499707705,0.0
G,GLY,57.05,0.7325862757825672,0.5600542499707705,0.0
T,THR,101.11,0.309320540400143,0.5600542499707705,0.0
A,ALA,71.07,0.2865201043969275,0.5600542499707705,0.0
M,MET,131.2,0.523034317035483,0.5600542499707705,0.0
Y,TYR,163.18,0.9405262678655176,0.5600542499707705,0.0
V,VAL,99.13,0.2020969891060475,0.5600542499707705,0.0
W,TRP,186.22,0.982394218682382,0.5600542499707705,0.0
L,LEU,113.16,0.5950681654444517,0.5600542499707705,0.0
I,ILE,113.16,0.5234760569726226,0.5600542499707705,0.0
P,PRO,97.12,0.2817957242063181,0.5600542499707705,0.0
F,PHE,147.18,0.8656178270938235,0.5600542499707705,0.0
