one,three,MW,lambdas,sigmas,q
R,ARG,156.19,0.6687991165499834,0.656,1.0
D,ASP,115.09,0.0170317609750896,0.558,-1.0
N,ASN,114.1,0.4189852083609637,0.568,0.0
E,GLU,129.11,0.0009203058542355,0.592,-1.0
K,LYS,128.17,0.1481301960699544,0.636,1.0
H,HIS,137.14,0.48783219660047,0.608,0.0
Q,GLN,128.13,0.3756491427125347,0.602,0.0
S,SER,87.08,0.3629662740446726,0.518,0.0
C,CYS,103.14,0.5557713927066814,0.548,0.0
G,GLY,57.05,0.7930017201701172,0.45,0.0
T,THR,101.11,0.3338353182541731,0.562,0.0
A,ALA,71.07,0.24501013825424,0.504,0.0
M,MET,131.2,0.5061028818482987,0.618,0.0
Y,TYR,163.18,0.9398889664140294,0.646,0.0
V,VAL,99.13,0.2093447325708029,0.586,0.0
W,TRP,186.22,0.9912241165866178,0.678,0.0
L,LEU,113.16,0.5742235671318973,0.618,0.0
I,ILE,113.16,0.5315201192633824,0.618,0.0
P,PRO,97.12,0.2888290587321891,0.556,0.0
F,PHE,147.18,0.8829893049691641,0.636,0.0
