three,one,MW,lambdas,sigmas,q,lambdas_-1,lambdas_0
ARG,R,156.19,0.6687991165499834,0.656,1.0,0.730762476751717,0.6687991165499834
ASP,D,115.09,0.017031760975089693,0.558,-1.0,0.0416040480605567,0.017031760975089693
ASN,N,114.1,0.4189852083609637,0.568,0.0,0.425585900978771,0.4189852083609637
GLU,E,129.11,0.0009203058542355952,0.592,-1.0,0.0006935460962935,0.0009203058542355952
LYS,K,128.17,0.14813019606995442,0.636,1.0,0.179021173899058,0.14813019606995442
HIS,H,137.14,0.48783219660047,0.608,0.0,0.466366729055799,0.48783219660047
GLN,Q,128.13,0.3756491427125347,0.602,0.0,0.393431855105604,0.3756491427125347
SER,S,87.08,0.3629662740446726,0.518,0.0,0.462541681161154,0.3629662740446726
CYS,C,103.14,0.5557713927066814,0.548,0.0,0.561543509914178,0.5557713927066814
GLY,G,57.05,0.7930017201701172,0.45,0.0,0.70588437336664,0.7930017201701172
THR,T,101.11,0.3338353182541731,0.562,0.0,0.371316297627396,0.3338353182541731
ALA,A,71.07,0.24501013825424006,0.504,0.0,0.274329796904035,0.24501013825424006
MET,M,131.2,0.5061028818482987,0.618,0.0,0.53084811343375,0.5061028818482987
TYR,Y,163.18,0.9398889664140294,0.646,0.0,0.977461144934346,0.9398889664140294
VAL,V,99.13,0.20934473257080294,0.586,0.0,0.208376960817448,0.20934473257080294
TRP,W,186.22,0.9912241165866178,0.678,0.0,0.989376474037164,0.9912241165866178
LEU,L,113.16,0.5742235671318973,0.618,0.0,0.644000500778223,0.5742235671318973
ILE,I,113.16,0.5315201192633824,0.618,0.0,0.542362361067189,0.5315201192633824
PRO,P,97.12,0.2888290587321891,0.556,0.0,0.359312657636464,0.2888290587321891
PHE,F,147.18,0.8829893049691641,0.636,0.0,0.867235898206298,0.8829893049691641
