three,one,MW,lambdas,sigmas,q,lambdas_-1,lambdas_0
ARG,R,156.19,0.6786036056132149,0.5600542499707705,1.0,0.730762476751717,0.6786036056132149
ASP,D,115.09,0.005261343770584043,0.5600542499707705,-1.0,0.0416040480605567,0.005261343770584043
ASN,N,114.1,0.3890827350072491,0.5600542499707705,0.0,0.425585900978771,0.3890827350072491
GLU,E,129.11,0.0029841272339972483,0.5600542499707705,-1.0,0.0006935460962935,0.0029841272339972483
LYS,K,128.17,0.13490457590954433,0.5600542499707705,1.0,0.179021173899058,0.13490457590954433
HIS,H,137.14,0.47100999352474004,0.5600542499707705,0.0,0.466366729055799,0.47100999352474004
GLN,Q,128.13,0.3832111644612526,0.5600542499707705,0.0,0.393431855105604,0.3832111644612526
SER,S,87.08,0.3510582679168617,0.5600542499707705,0.0,0.462541681161154,0.3510582679168617
CYS,C,103.14,0.55605972781806,0.5600542499707705,0.0,0.561543509914178,0.55605972781806
GLY,G,57.05,0.7361758371719938,0.5600542499707705,0.0,0.70588437336664,0.7361758371719938
THR,T,101.11,0.3269137187974183,0.5600542499707705,0.0,0.371316297627396,0.3269137187974183
ALA,A,71.07,0.26727980879678553,0.5600542499707705,0.0,0.274329796904035,0.26727980879678553
MET,M,131.2,0.515588087571679,0.5600542499707705,0.0,0.53084811343375,0.515588087571679
TYR,Y,163.18,0.9202494095811489,0.5600542499707705,0.0,0.977461144934346,0.9202494095811489
VAL,V,99.13,0.21547315424892075,0.5600542499707705,0.0,0.208376960817448,0.21547315424892075
TRP,W,186.22,0.9890632548823715,0.5600542499707705,0.0,0.989376474037164,0.9890632548823715
LEU,L,113.16,0.6124894128669287,0.5600542499707705,0.0,0.644000500778223,0.6124894128669287
ILE,I,113.16,0.5260252825253687,0.5600542499707705,0.0,0.542362361067189,0.5260252825253687
PRO,P,97.12,0.2669517653186704,0.5600542499707705,0.0,0.359312657636464,0.2669517653186704
PHE,F,147.18,0.8719195969389812,0.5600542499707705,0.0,0.867235898206298,0.8719195969389812
