one,three,MW,lambdas,sigmas,q
R,ARG,156.19,0.6786036056132149,0.5600542499707705,1.0
D,ASP,115.09,0.005261343770584,0.5600542499707705,-1.0
N,ASN,114.1,0.3890827350072491,0.5600542499707705,0.0
E,GLU,129.11,0.0029841272339972,0.5600542499707705,-1.0
K,LYS,128.17,0.1349045759095443,0.5600542499707705,1.0
H,HIS,137.14,0.47100999352474,0.5600542499707705,0.0
Q,GLN,128.13,0.3832111644612526,0.5600542499707705,0.0
S,SER,87.08,0.3510582679168617,0.5600542499707705,0.0
C,CYS,103.14,0.55605972781806,0.5600542499707705,0.0
G,GLY,57.05,0.7361758371719938,0.5600542499707705,0.0
T,THR,101.11,0.3269137187974183,0.5600542499707705,0.0
A,ALA,71.07,0.2672798087967855,0.5600542499707705,0.0
M,MET,131.2,0.515588087571679,0.5600542499707705,0.0
Y,TYR,163.18,0.9202494095811488,0.5600542499707705,0.0
V,VAL,99.13,0.2154731542489207,0.5600542499707705,0.0
W,TRP,186.22,0.9890632548823716,0.5600542499707705,0.0
L,LEU,113.16,0.6124894128669287,0.5600542499707705,0.0
I,ILE,113.16,0.5260252825253687,0.5600542499707705,0.0
P,PRO,97.12,0.2669517653186704,0.5600542499707705,0.0
F,PHE,147.18,0.8719195969389812,0.5600542499707705,0.0
