three,one,MW,lambdas,sigmas,q,lambdas_-1,lambdas_0
ARG,R,156.19,0.6776887942527546,0.656,1.0,0.730762476751717,0.6776887942527546
ASP,D,115.09,0.0033556352238571646,0.558,-1.0,0.0416040480605567,0.0033556352238571646
ASN,N,114.1,0.39707916018282324,0.568,0.0,0.425585900978771,0.39707916018282324
GLU,E,129.11,0.0006935460962935,0.592,-1.0,0.0006935460962935,0.0006935460962935
LYS,K,128.17,0.1549109292845522,0.636,1.0,0.179021173899058,0.1549109292845522
HIS,H,137.14,0.49548536988358627,0.608,0.0,0.466366729055799,0.49548536988358627
GLN,Q,128.13,0.3400068346846244,0.602,0.0,0.393431855105604,0.3400068346846244
SER,S,87.08,0.355823258403612,0.518,0.0,0.462541681161154,0.355823258403612
CYS,C,103.14,0.5784385753074038,0.548,0.0,0.561543509914178,0.5784385753074038
GLY,G,57.05,0.8216281998224352,0.45,0.0,0.70588437336664,0.8216281998224352
THR,T,101.11,0.2848238185102869,0.562,0.0,0.371316297627396,0.2848238185102869
ALA,A,71.07,0.27955711473063055,0.504,0.0,0.274329796904035,0.27955711473063055
MET,M,131.2,0.5462557946360561,0.618,0.0,0.53084811343375,0.5462557946360561
TYR,Y,163.18,0.919822978782927,0.646,0.0,0.977461144934346,0.919822978782927
VAL,V,99.13,0.23457388413954022,0.586,0.0,0.208376960817448,0.23457388413954022
TRP,W,186.22,0.988090914926828,0.678,0.0,0.989376474037164,0.988090914926828
LEU,L,113.16,0.5754185952758228,0.618,0.0,0.644000500778223,0.5754185952758228
ILE,I,113.16,0.5145707540934935,0.618,0.0,0.542362361067189,0.5145707540934935
PRO,P,97.12,0.2733907188994811,0.556,0.0,0.359312657636464,0.2733907188994811
PHE,F,147.18,0.8646512334123011,0.636,0.0,0.867235898206298,0.8646512334123011
