three,one,MW,lambdas,sigmas,q,lambdas_-1,lambdas_0
ARG,R,156.19,0.695964206790081,0.656,1.0,0.730762476751717,0.695964206790081
ASP,D,115.09,0.02871352962530437,0.558,-1.0,0.0416040480605567,0.02871352962530437
ASN,N,114.1,0.4072437780408043,0.568,0.0,0.425585900978771,0.4072437780408043
GLU,E,129.11,4.72791815759252e-05,0.592,-1.0,0.0006935460962935,4.72791815759252e-05
LYS,K,128.17,0.16233952754665323,0.636,1.0,0.179021173899058,0.16233952754665323
HIS,H,137.14,0.47753600401348173,0.608,0.0,0.466366729055799,0.47753600401348173
GLN,Q,128.13,0.3624316508505869,0.602,0.0,0.393431855105604,0.3624316508505869
SER,S,87.08,0.4077173206052982,0.518,0.0,0.462541681161154,0.4077173206052982
CYS,C,103.14,0.5486034327097206,0.548,0.0,0.561543509914178,0.5486034327097206
GLY,G,57.05,0.7466816379633732,0.45,0.0,0.70588437336664,0.7466816379633732
THR,T,101.11,0.33864446057958913,0.562,0.0,0.371316297627396,0.33864446057958913
ALA,A,71.07,0.2673601108725802,0.504,0.0,0.274329796904035,0.2673601108725802
MET,M,131.2,0.5243363626527853,0.618,0.0,0.53084811343375,0.5243363626527853
TYR,Y,163.18,0.9578783724714197,0.646,0.0,0.977461144934346,0.9578783724714197
VAL,V,99.13,0.1900793690499643,0.586,0.0,0.208376960817448,0.1900793690499643
TRP,W,186.22,0.9949581787532066,0.678,0.0,0.989376474037164,0.9949581787532066
LEU,L,113.16,0.5829165770693856,0.618,0.0,0.644000500778223,0.5829165770693856
ILE,I,113.16,0.5232757208382816,0.618,0.0,0.542362361067189,0.5232757208382816
PRO,P,97.12,0.29772798418018165,0.556,0.0,0.359312657636464,0.29772798418018165
PHE,F,147.18,0.8659408670240372,0.636,0.0,0.867235898206298,0.8659408670240372
