three,one,MW,lambdas,sigmas,q,lambdas_-1,lambdas_0
ARG,R,156.19,0.6928531203533309,0.656,1.0,0.730762476751717,0.6928531203533309
ASP,D,115.09,0.0034953415497839943,0.558,-1.0,0.0416040480605567,0.0034953415497839943
ASN,N,114.1,0.40651505573411256,0.568,0.0,0.425585900978771,0.40651505573411256
GLU,E,129.11,0.0012143799711494398,0.592,-1.0,0.0006935460962935,0.0012143799711494398
LYS,K,128.17,0.15742579461565548,0.636,1.0,0.179021173899058,0.15742579461565548
HIS,H,137.14,0.4641848944365699,0.608,0.0,0.466366729055799,0.4641848944365699
GLN,Q,128.13,0.355746311186925,0.602,0.0,0.393431855105604,0.355746311186925
SER,S,87.08,0.41390197621719654,0.518,0.0,0.462541681161154,0.41390197621719654
CYS,C,103.14,0.5600465194604531,0.548,0.0,0.561543509914178,0.5600465194604531
GLY,G,57.05,0.7519009123602054,0.45,0.0,0.70588437336664,0.7519009123602054
THR,T,101.11,0.33167031329822644,0.562,0.0,0.371316297627396,0.33167031329822644
ALA,A,71.07,0.2622735952391212,0.504,0.0,0.274329796904035,0.2622735952391212
MET,M,131.2,0.5219824476848915,0.618,0.0,0.53084811343375,0.5219824476848915
TYR,Y,163.18,0.959433270487338,0.646,0.0,0.977461144934346,0.959433270487338
VAL,V,99.13,0.20859745147185277,0.586,0.0,0.208376960817448,0.20859745147185277
TRP,W,186.22,0.998026053140389,0.678,0.0,0.989376474037164,0.998026053140389
LEU,L,113.16,0.6038704953980325,0.618,0.0,0.644000500778223,0.6038704953980325
ILE,I,113.16,0.5283245891817795,0.618,0.0,0.542362361067189,0.5283245891817795
PRO,P,97.12,0.2910045385077774,0.556,0.0,0.359312657636464,0.2910045385077774
PHE,F,147.18,0.8879824700955685,0.636,0.0,0.867235898206298,0.8879824700955685
