one,three,MW,lambdas,sigmas,q
R,ARG,156.19,0.6757319203849735,0.5600542499707705,1.0
D,ASP,115.09,0.0151721910856309,0.5600542499707705,-1.0
N,ASN,114.1,0.3767017307909217,0.5600542499707705,0.0
E,GLU,129.11,0.0016800568242623,0.5600542499707705,-1.0
K,LYS,128.17,0.1240837929450422,0.5600542499707705,1.0
H,HIS,137.14,0.4579238875433957,0.5600542499707705,0.0
Q,GLN,128.13,0.3659225450429925,0.5600542499707705,0.0
S,SER,87.08,0.3587482046223769,0.5600542499707705,0.0
C,CYS,103.14,0.575973617480795,0.5600542499707705,0.0
G,GLY,57.05,0.7379286230451245,0.5600542499707705,0.0
T,THR,101.11,0.3310274046822566,0.5600542499707705,0.0
A,ALA,71.07,0.2639904585573543,0.5600542499707705,0.0
M,MET,131.2,0.5180232299838544,0.5600542499707705,0.0
Y,TYR,163.18,0.9473970392507244,0.5600542499707705,0.0
V,VAL,99.13,0.2158761551242088,0.5600542499707705,0.0
W,TRP,186.22,0.999447075623942,0.5600542499707705,0.0
L,LEU,113.16,0.6043891326941297,0.5600542499707705,0.0
I,ILE,113.16,0.5083291230633536,0.5600542499707705,0.0
P,PRO,97.12,0.271482442832536,0.5600542499707705,0.0
F,PHE,147.18,0.8419671413433484,0.5600542499707705,0.0
