three,one,MW,lambdas,sigmas,q,lambdas_-1,lambdas_0
ARG,R,156.19,0.6841339241424851,0.5600542499707705,1.0,0.730762476751717,0.6841339241424851
ASP,D,115.09,0.0004698449700871344,0.5600542499707705,-1.0,0.0416040480605567,0.0004698449700871344
ASN,N,114.1,0.37842312549025564,0.5600542499707705,0.0,0.425585900978771,0.37842312549025564
GLU,E,129.11,0.0068771715680846085,0.5600542499707705,-1.0,0.0006935460962935,0.0068771715680846085
LYS,K,128.17,0.13263132081377116,0.5600542499707705,1.0,0.179021173899058,0.13263132081377116
HIS,H,137.14,0.4573474681834355,0.5600542499707705,0.0,0.466366729055799,0.4573474681834355
GLN,Q,128.13,0.35951515671103007,0.5600542499707705,0.0,0.393431855105604,0.35951515671103007
SER,S,87.08,0.3716546926393246,0.5600542499707705,0.0,0.462541681161154,0.3716546926393246
CYS,C,103.14,0.553267459961162,0.5600542499707705,0.0,0.561543509914178,0.553267459961162
GLY,G,57.05,0.7325862757825672,0.5600542499707705,0.0,0.70588437336664,0.7325862757825672
THR,T,101.11,0.30932054040014306,0.5600542499707705,0.0,0.371316297627396,0.30932054040014306
ALA,A,71.07,0.2865201043969275,0.5600542499707705,0.0,0.274329796904035,0.2865201043969275
MET,M,131.2,0.523034317035483,0.5600542499707705,0.0,0.53084811343375,0.523034317035483
TYR,Y,163.18,0.9405262678655177,0.5600542499707705,0.0,0.977461144934346,0.9405262678655177
VAL,V,99.13,0.20209698910604756,0.5600542499707705,0.0,0.208376960817448,0.20209698910604756
TRP,W,186.22,0.9823942186823819,0.5600542499707705,0.0,0.989376474037164,0.9823942186823819
LEU,L,113.16,0.5950681654444517,0.5600542499707705,0.0,0.644000500778223,0.5950681654444517
ILE,I,113.16,0.5234760569726226,0.5600542499707705,0.0,0.542362361067189,0.5234760569726226
PRO,P,97.12,0.28179572420631815,0.5600542499707705,0.0,0.359312657636464,0.28179572420631815
PHE,F,147.18,0.8656178270938235,0.5600542499707705,0.0,0.867235898206298,0.8656178270938235
