three,one,MW,lambdas,sigmas,q,lambdas_-1,lambdas_0
ARG,R,156.19,0.6783932499994497,0.656,1.0,0.730762476751717,0.6783932499994497
ASP,D,115.09,0.012801546038086226,0.558,-1.0,0.0416040480605567,0.012801546038086226
ASN,N,114.1,0.40108016165155586,0.568,0.0,0.425585900978771,0.40108016165155586
GLU,E,129.11,0.003310348906325409,0.592,-1.0,0.0006935460962935,0.003310348906325409
LYS,K,128.17,0.14754239299074068,0.636,1.0,0.179021173899058,0.14754239299074068
HIS,H,137.14,0.4848690895289894,0.608,0.0,0.466366729055799,0.4848690895289894
GLN,Q,128.13,0.34304613722750443,0.602,0.0,0.393431855105604,0.34304613722750443
SER,S,87.08,0.3817075204621691,0.518,0.0,0.462541681161154,0.3817075204621691
CYS,C,103.14,0.5731786557024889,0.548,0.0,0.561543509914178,0.5731786557024889
GLY,G,57.05,0.8045517985325247,0.45,0.0,0.70588437336664,0.8045517985325247
THR,T,101.11,0.30959969188778874,0.562,0.0,0.371316297627396,0.30959969188778874
ALA,A,71.07,0.2902058057928635,0.504,0.0,0.274329796904035,0.2902058057928635
MET,M,131.2,0.516047506333655,0.618,0.0,0.53084811343375,0.516047506333655
TYR,Y,163.18,0.931963808170778,0.646,0.0,0.977461144934346,0.931963808170778
VAL,V,99.13,0.223420017218652,0.586,0.0,0.208376960817448,0.223420017218652
TRP,W,186.22,0.9783980482728882,0.678,0.0,0.989376474037164,0.9783980482728882
LEU,L,113.16,0.5760981564039722,0.618,0.0,0.644000500778223,0.5760981564039722
ILE,I,113.16,0.5083411776611643,0.618,0.0,0.542362361067189,0.5083411776611643
PRO,P,97.12,0.28336330894925355,0.556,0.0,0.359312657636464,0.28336330894925355
PHE,F,147.18,0.858817033524929,0.636,0.0,0.867235898206298,0.858817033524929
