three,one,MW,lambdas,sigmas,q,lambdas_-1,lambdas_0
ARG,R,156.19,0.6833018121619707,0.656,1.0,0.730762476751717,0.6833018121619707
ASP,D,115.09,0.017805631735457957,0.558,-1.0,0.0416040480605567,0.017805631735457957
ASN,N,114.1,0.40565105844455007,0.568,0.0,0.425585900978771,0.40565105844455007
GLU,E,129.11,0.002924084523710016,0.592,-1.0,0.0006935460962935,0.002924084523710016
LYS,K,128.17,0.15716367447512924,0.636,1.0,0.179021173899058,0.15716367447512924
HIS,H,137.14,0.47257123273665613,0.608,0.0,0.466366729055799,0.47257123273665613
GLN,Q,128.13,0.3717316429174978,0.602,0.0,0.393431855105604,0.3717316429174978
SER,S,87.08,0.3862538114109638,0.518,0.0,0.462541681161154,0.3862538114109638
CYS,C,103.14,0.5801488465775955,0.548,0.0,0.561543509914178,0.5801488465775955
GLY,G,57.05,0.7884268865260997,0.45,0.0,0.70588437336664,0.7884268865260997
THR,T,101.11,0.3210200621745954,0.562,0.0,0.371316297627396,0.3210200621745954
ALA,A,71.07,0.28154346658112833,0.504,0.0,0.274329796904035,0.28154346658112833
MET,M,131.2,0.525870788556548,0.618,0.0,0.53084811343375,0.525870788556548
TYR,Y,163.18,0.9593151784342063,0.646,0.0,0.977461144934346,0.9593151784342063
VAL,V,99.13,0.19939121907569185,0.586,0.0,0.208376960817448,0.19939121907569185
TRP,W,186.22,0.9748809568448271,0.678,0.0,0.989376474037164,0.9748809568448271
LEU,L,113.16,0.5750962361800158,0.618,0.0,0.644000500778223,0.5750962361800158
ILE,I,113.16,0.5296403269554918,0.618,0.0,0.542362361067189,0.5296403269554918
PRO,P,97.12,0.26856035607070977,0.556,0.0,0.359312657636464,0.26856035607070977
PHE,F,147.18,0.8664071276927287,0.636,0.0,0.867235898206298,0.8664071276927287
