three,one,MW,lambdas,sigmas,q,lambdas_-1,lambdas_0
ARG,R,156.19,0.6757319203849735,0.5600542499707705,1.0,0.730762476751717,0.6757319203849735
ASP,D,115.09,0.015172191085630973,0.5600542499707705,-1.0,0.0416040480605567,0.015172191085630973
ASN,N,114.1,0.37670173079092173,0.5600542499707705,0.0,0.425585900978771,0.37670173079092173
GLU,E,129.11,0.0016800568242623312,0.5600542499707705,-1.0,0.0006935460962935,0.0016800568242623312
LYS,K,128.17,0.12408379294504225,0.5600542499707705,1.0,0.179021173899058,0.12408379294504225
HIS,H,137.14,0.4579238875433957,0.5600542499707705,0.0,0.466366729055799,0.4579238875433957
GLN,Q,128.13,0.3659225450429925,0.5600542499707705,0.0,0.393431855105604,0.3659225450429925
SER,S,87.08,0.3587482046223769,0.5600542499707705,0.0,0.462541681161154,0.3587482046223769
CYS,C,103.14,0.575973617480795,0.5600542499707705,0.0,0.561543509914178,0.575973617480795
GLY,G,57.05,0.7379286230451245,0.5600542499707705,0.0,0.70588437336664,0.7379286230451245
THR,T,101.11,0.33102740468225667,0.5600542499707705,0.0,0.371316297627396,0.33102740468225667
ALA,A,71.07,0.26399045855735437,0.5600542499707705,0.0,0.274329796904035,0.26399045855735437
MET,M,131.2,0.5180232299838544,0.5600542499707705,0.0,0.53084811343375,0.5180232299838544
TYR,Y,163.18,0.9473970392507244,0.5600542499707705,0.0,0.977461144934346,0.9473970392507244
VAL,V,99.13,0.2158761551242088,0.5600542499707705,0.0,0.208376960817448,0.2158761551242088
TRP,W,186.22,0.9994470756239421,0.5600542499707705,0.0,0.989376474037164,0.9994470756239421
LEU,L,113.16,0.6043891326941297,0.5600542499707705,0.0,0.644000500778223,0.6043891326941297
ILE,I,113.16,0.5083291230633536,0.5600542499707705,0.0,0.542362361067189,0.5083291230633536
PRO,P,97.12,0.271482442832536,0.5600542499707705,0.0,0.359312657636464,0.271482442832536
PHE,F,147.18,0.8419671413433484,0.5600542499707705,0.0,0.867235898206298,0.8419671413433484
