three,one,MW,lambdas,sigmas,q,lambdas_-1,lambdas_0
ARG,R,156.19,0.6678191125055984,0.656,1.0,0.730762476751717,0.6678191125055984
ASP,D,115.09,0.008082183020161659,0.558,-1.0,0.0416040480605567,0.008082183020161659
ASN,N,114.1,0.393877626961006,0.568,0.0,0.425585900978771,0.393877626961006
GLU,E,129.11,0.0015045897579469194,0.592,-1.0,0.0006935460962935,0.0015045897579469194
LYS,K,128.17,0.13553878093004457,0.636,1.0,0.179021173899058,0.13553878093004457
HIS,H,137.14,0.4866681917082883,0.608,0.0,0.466366729055799,0.4866681917082883
GLN,Q,128.13,0.36823214458544573,0.602,0.0,0.393431855105604,0.36823214458544573
SER,S,87.08,0.37042423479957926,0.518,0.0,0.462541681161154,0.37042423479957926
CYS,C,103.14,0.5845585154211754,0.548,0.0,0.561543509914178,0.5845585154211754
GLY,G,57.05,0.8071837045702794,0.45,0.0,0.70588437336664,0.8071837045702794
THR,T,101.11,0.29908634934804584,0.562,0.0,0.371316297627396,0.29908634934804584
ALA,A,71.07,0.3025587275655633,0.504,0.0,0.274329796904035,0.3025587275655633
MET,M,131.2,0.537053914479164,0.618,0.0,0.53084811343375,0.537053914479164
TYR,Y,163.18,0.9521862129787179,0.646,0.0,0.977461144934346,0.9521862129787179
VAL,V,99.13,0.21560091930221556,0.586,0.0,0.208376960817448,0.21560091930221556
TRP,W,186.22,0.9922622064003842,0.678,0.0,0.989376474037164,0.9922622064003842
LEU,L,113.16,0.5709287262002651,0.618,0.0,0.644000500778223,0.5709287262002651
ILE,I,113.16,0.5035096218848615,0.618,0.0,0.542362361067189,0.5035096218848615
PRO,P,97.12,0.2832919389660139,0.556,0.0,0.359312657636464,0.2832919389660139
PHE,F,147.18,0.8610721882711725,0.636,0.0,0.867235898206298,0.8610721882711725
