three,one,MW,lambdas,sigmas,q,lambdas_-1,lambdas_0
ARG,R,156.19,0.7068539786501792,0.656,1.0,0.730762476751717,0.7068539786501792
ASP,D,115.09,0.014354991601935221,0.558,-1.0,0.0416040480605567,0.014354991601935221
ASN,N,114.1,0.41346086641633023,0.568,0.0,0.425585900978771,0.41346086641633023
GLU,E,129.11,0.0007830089067742949,0.592,-1.0,0.0006935460962935,0.0007830089067742949
LYS,K,128.17,0.13800340665046792,0.636,1.0,0.179021173899058,0.13800340665046792
HIS,H,137.14,0.4791275566913182,0.608,0.0,0.466366729055799,0.4791275566913182
GLN,Q,128.13,0.3657385531759498,0.602,0.0,0.393431855105604,0.3657385531759498
SER,S,87.08,0.4256908552997986,0.518,0.0,0.462541681161154,0.4256908552997986
CYS,C,103.14,0.56675703058921,0.548,0.0,0.561543509914178,0.56675703058921
GLY,G,57.05,0.7530631915089664,0.45,0.0,0.70588437336664,0.7530631915089664
THR,T,101.11,0.3262294762147895,0.562,0.0,0.371316297627396,0.3262294762147895
ALA,A,71.07,0.2626386033801204,0.504,0.0,0.274329796904035,0.2626386033801204
MET,M,131.2,0.5129515223099155,0.618,0.0,0.53084811343375,0.5129515223099155
TYR,Y,163.18,0.9488751859374114,0.646,0.0,0.977461144934346,0.9488751859374114
VAL,V,99.13,0.1910913911640486,0.586,0.0,0.208376960817448,0.1910913911640486
TRP,W,186.22,0.9926130367117618,0.678,0.0,0.989376474037164,0.9926130367117618
LEU,L,113.16,0.5969870237538341,0.618,0.0,0.644000500778223,0.5969870237538341
ILE,I,113.16,0.5359254928462037,0.618,0.0,0.542362361067189,0.5359254928462037
PRO,P,97.12,0.310647765255205,0.556,0.0,0.359312657636464,0.310647765255205
PHE,F,147.18,0.8510190641497237,0.636,0.0,0.867235898206298,0.8510190641497237
