three,one,MW,lambdas,sigmas,q,lambdas_-1,lambdas_0
ARG,R,156.19,0.7009333000630713,0.656,1.0,0.730762476751717,0.7009333000630713
ASP,D,115.09,0.01873544015562814,0.558,-1.0,0.0416040480605567,0.01873544015562814
ASN,N,114.1,0.40202411784559783,0.568,0.0,0.425585900978771,0.40202411784559783
GLU,E,129.11,0.0018142898393556852,0.592,-1.0,0.0006935460962935,0.0018142898393556852
LYS,K,128.17,0.14638018678314949,0.636,1.0,0.179021173899058,0.14638018678314949
HIS,H,137.14,0.4703325862778666,0.608,0.0,0.466366729055799,0.4703325862778666
GLN,Q,128.13,0.37603939216584054,0.602,0.0,0.393431855105604,0.37603939216584054
SER,S,87.08,0.4219413714087231,0.518,0.0,0.462541681161154,0.4219413714087231
CYS,C,103.14,0.5500076366191127,0.548,0.0,0.561543509914178,0.5500076366191127
GLY,G,57.05,0.7505549561655571,0.45,0.0,0.70588437336664,0.7505549561655571
THR,T,101.11,0.32634534328066445,0.562,0.0,0.371316297627396,0.32634534328066445
ALA,A,71.07,0.25175428678170064,0.504,0.0,0.274329796904035,0.25175428678170064
MET,M,131.2,0.5168612083233162,0.618,0.0,0.53084811343375,0.5168612083233162
TYR,Y,163.18,0.9648546294343827,0.646,0.0,0.977461144934346,0.9648546294343827
VAL,V,99.13,0.1953457115309356,0.586,0.0,0.208376960817448,0.1953457115309356
TRP,W,186.22,0.9869483228791578,0.678,0.0,0.989376474037164,0.9869483228791578
LEU,L,113.16,0.6152650054563987,0.618,0.0,0.644000500778223,0.6152650054563987
ILE,I,113.16,0.5320897986143134,0.618,0.0,0.542362361067189,0.5320897986143134
PRO,P,97.12,0.2891952971470378,0.556,0.0,0.359312657636464,0.2891952971470378
PHE,F,147.18,0.8770824326765055,0.636,0.0,0.867235898206298,0.8770824326765055
