three,one,MW,lambdas,sigmas,q,lambdas_-1,lambdas_0
ARG,R,156.19,0.6963812621476301,0.656,1.0,0.730762476751717,0.6963812621476301
ASP,D,115.09,0.008675658107753954,0.558,-1.0,0.0416040480605567,0.008675658107753954
ASN,N,114.1,0.40305454165041565,0.568,0.0,0.425585900978771,0.40305454165041565
GLU,E,129.11,0.005502973267583082,0.592,-1.0,0.0006935460962935,0.005502973267583082
LYS,K,128.17,0.14161466424463545,0.636,1.0,0.179021173899058,0.14161466424463545
HIS,H,137.14,0.4750823039738843,0.608,0.0,0.466366729055799,0.4750823039738843
GLN,Q,128.13,0.3620550792326528,0.602,0.0,0.393431855105604,0.3620550792326528
SER,S,87.08,0.4046738031437729,0.518,0.0,0.462541681161154,0.4046738031437729
CYS,C,103.14,0.5657345311868291,0.548,0.0,0.561543509914178,0.5657345311868291
GLY,G,57.05,0.7672062913101177,0.45,0.0,0.70588437336664,0.7672062913101177
THR,T,101.11,0.3264552643192735,0.562,0.0,0.371316297627396,0.3264552643192735
ALA,A,71.07,0.28201597197365036,0.504,0.0,0.274329796904035,0.28201597197365036
MET,M,131.2,0.5261134359116347,0.618,0.0,0.53084811343375,0.5261134359116347
TYR,Y,163.18,0.9560114876951437,0.646,0.0,0.977461144934346,0.9560114876951437
VAL,V,99.13,0.19013205520527085,0.586,0.0,0.208376960817448,0.19013205520527085
TRP,W,186.22,0.9931539841886483,0.678,0.0,0.989376474037164,0.9931539841886483
LEU,L,113.16,0.5845861088716963,0.618,0.0,0.644000500778223,0.5845861088716963
ILE,I,113.16,0.5133236238516679,0.618,0.0,0.542362361067189,0.5133236238516679
PRO,P,97.12,0.28919224226068385,0.556,0.0,0.359312657636464,0.28919224226068385
PHE,F,147.18,0.8659605422975798,0.636,0.0,0.867235898206298,0.8659605422975798
