three,one,MW,lambdas,sigmas,q,lambdas_-1,lambdas_0
ARG,R,156.19,0.6637685932405537,0.656,1.0,0.730762476751717,0.6637685932405537
ASP,D,115.09,0.01761566180531239,0.558,-1.0,0.0416040480605567,0.01761566180531239
ASN,N,114.1,0.3929213115583114,0.568,0.0,0.425585900978771,0.3929213115583114
GLU,E,129.11,0.005020971266688115,0.592,-1.0,0.0006935460962935,0.005020971266688115
LYS,K,128.17,0.15428778773115914,0.636,1.0,0.179021173899058,0.15428778773115914
HIS,H,137.14,0.502034212196364,0.608,0.0,0.466366729055799,0.502034212196364
GLN,Q,128.13,0.35178727010310423,0.602,0.0,0.393431855105604,0.35178727010310423
SER,S,87.08,0.3488046440560553,0.518,0.0,0.462541681161154,0.3488046440560553
CYS,C,103.14,0.558313881935561,0.548,0.0,0.561543509914178,0.558313881935561
GLY,G,57.05,0.8244702360179974,0.45,0.0,0.70588437336664,0.8244702360179974
THR,T,101.11,0.32812656313375566,0.562,0.0,0.371316297627396,0.32812656313375566
ALA,A,71.07,0.2813523400380123,0.504,0.0,0.274329796904035,0.2813523400380123
MET,M,131.2,0.5379991847868221,0.618,0.0,0.53084811343375,0.5379991847868221
TYR,Y,163.18,0.9283345070598529,0.646,0.0,0.977461144934346,0.9283345070598529
VAL,V,99.13,0.2247189230355376,0.586,0.0,0.208376960817448,0.2247189230355376
TRP,W,186.22,0.9924266830183709,0.678,0.0,0.989376474037164,0.9924266830183709
LEU,L,113.16,0.5532512181583162,0.618,0.0,0.644000500778223,0.5532512181583162
ILE,I,113.16,0.513791165825124,0.618,0.0,0.542362361067189,0.513791165825124
PRO,P,97.12,0.2498242964281585,0.556,0.0,0.359312657636464,0.2498242964281585
PHE,F,147.18,0.8672518068203133,0.636,0.0,0.867235898206298,0.8672518068203133
