three,one,MW,lambdas,sigmas,q,lambdas_-1,lambdas_0
ARG,R,156.19,0.6614129178802086,0.656,1.0,0.730762476751717,0.6614129178802086
ASP,D,115.09,0.011553305937474723,0.558,-1.0,0.0416040480605567,0.011553305937474723
ASN,N,114.1,0.38721073045560783,0.568,0.0,0.425585900978771,0.38721073045560783
GLU,E,129.11,0.004459162777275863,0.592,-1.0,0.0006935460962935,0.004459162777275863
LYS,K,128.17,0.14479374640593767,0.636,1.0,0.179021173899058,0.14479374640593767
HIS,H,137.14,0.5064674998460147,0.608,0.0,0.466366729055799,0.5064674998460147
GLN,Q,128.13,0.3661056313479832,0.602,0.0,0.393431855105604,0.3661056313479832
SER,S,87.08,0.3219582046166801,0.518,0.0,0.462541681161154,0.3219582046166801
CYS,C,103.14,0.5581540279802271,0.548,0.0,0.561543509914178,0.5581540279802271
GLY,G,57.05,0.8422054757528182,0.45,0.0,0.70588437336664,0.8422054757528182
THR,T,101.11,0.2952177595345935,0.562,0.0,0.371316297627396,0.2952177595345935
ALA,A,71.07,0.29542206582143016,0.504,0.0,0.274329796904035,0.29542206582143016
MET,M,131.2,0.5240941932029854,0.618,0.0,0.53084811343375,0.5240941932029854
TYR,Y,163.18,0.9273077144076064,0.646,0.0,0.977461144934346,0.9273077144076064
VAL,V,99.13,0.24437833692461336,0.586,0.0,0.208376960817448,0.24437833692461336
TRP,W,186.22,1.0075133289113756,0.678,0.0,0.989376474037164,1.0075133289113756
LEU,L,113.16,0.5810196617932512,0.618,0.0,0.644000500778223,0.5810196617932512
ILE,I,113.16,0.5078788667000084,0.618,0.0,0.542362361067189,0.5078788667000084
PRO,P,97.12,0.2498654503972649,0.556,0.0,0.359312657636464,0.2498654503972649
PHE,F,147.18,0.8615803098640971,0.636,0.0,0.867235898206298,0.8615803098640971
