three,one,MW,lambdas,sigmas,q,lambdas_-1,lambdas_0
ARG,R,156.19,0.7046829559312288,0.656,1.0,0.730762476751717,0.7046829559312288
ASP,D,115.09,0.010018696284055485,0.558,-1.0,0.0416040480605567,0.010018696284055485
ASN,N,114.1,0.4105429404894598,0.568,0.0,0.425585900978771,0.4105429404894598
GLU,E,129.11,0.0006935460962935,0.592,-1.0,0.0006935460962935,0.0006935460962935
LYS,K,128.17,0.14273654949145495,0.636,1.0,0.179021173899058,0.14273654949145495
HIS,H,137.14,0.4758622157843549,0.608,0.0,0.466366729055799,0.4758622157843549
GLN,Q,128.13,0.3698146541903058,0.602,0.0,0.393431855105604,0.3698146541903058
SER,S,87.08,0.4285616805881927,0.518,0.0,0.462541681161154,0.4285616805881927
CYS,C,103.14,0.5560186592375934,0.548,0.0,0.561543509914178,0.5560186592375934
GLY,G,57.05,0.7369778155548504,0.45,0.0,0.70588437336664,0.7369778155548504
THR,T,101.11,0.3398014553381197,0.562,0.0,0.371316297627396,0.3398014553381197
ALA,A,71.07,0.2660900808478607,0.504,0.0,0.274329796904035,0.2660900808478607
MET,M,131.2,0.5330254253019525,0.618,0.0,0.53084811343375,0.5330254253019525
TYR,Y,163.18,0.9638597249948495,0.646,0.0,0.977461144934346,0.9638597249948495
VAL,V,99.13,0.20191517322932348,0.586,0.0,0.208376960817448,0.20191517322932348
TRP,W,186.22,0.9976788624882038,0.678,0.0,0.989376474037164,0.9976788624882038
LEU,L,113.16,0.6056970280183986,0.618,0.0,0.644000500778223,0.6056970280183986
ILE,I,113.16,0.5375133898489632,0.618,0.0,0.542362361067189,0.5375133898489632
PRO,P,97.12,0.3129333608251563,0.556,0.0,0.359312657636464,0.3129333608251563
PHE,F,147.18,0.8850014060616789,0.636,0.0,0.867235898206298,0.8850014060616789
