three,one,MW,lambdas,sigmas,q,lambdas_-1,lambdas_0
ARG,R,156.19,0.694629260323015,0.656,1.0,0.730762476751717,0.694629260323015
ASP,D,115.09,0.006917086741731856,0.558,-1.0,0.0416040480605567,0.006917086741731856
ASN,N,114.1,0.4226261939489176,0.568,0.0,0.425585900978771,0.4226261939489176
GLU,E,129.11,0.006164028004023635,0.592,-1.0,0.0006935460962935,0.006164028004023635
LYS,K,128.17,0.1553447567391001,0.636,1.0,0.179021173899058,0.1553447567391001
HIS,H,137.14,0.4708284395166518,0.608,0.0,0.466366729055799,0.4708284395166518
GLN,Q,128.13,0.3767597548772632,0.602,0.0,0.393431855105604,0.3767597548772632
SER,S,87.08,0.41258674625878206,0.518,0.0,0.462541681161154,0.41258674625878206
CYS,C,103.14,0.5759214162345286,0.548,0.0,0.561543509914178,0.5759214162345286
GLY,G,57.05,0.7474976940147015,0.45,0.0,0.70588437336664,0.7474976940147015
THR,T,101.11,0.3248918937658115,0.562,0.0,0.371316297627396,0.3248918937658115
ALA,A,71.07,0.26200075778574944,0.504,0.0,0.274329796904035,0.26200075778574944
MET,M,131.2,0.5359502551907067,0.618,0.0,0.53084811343375,0.5359502551907067
TYR,Y,163.18,0.9668810673394899,0.646,0.0,0.977461144934346,0.9668810673394899
VAL,V,99.13,0.20110154298306585,0.586,0.0,0.208376960817448,0.20110154298306585
TRP,W,186.22,1.0013845653821862,0.678,0.0,0.989376474037164,1.0013845653821862
LEU,L,113.16,0.6041809739987276,0.618,0.0,0.644000500778223,0.6041809739987276
ILE,I,113.16,0.5168640541757703,0.618,0.0,0.542362361067189,0.5168640541757703
PRO,P,97.12,0.30367863320830346,0.556,0.0,0.359312657636464,0.30367863320830346
PHE,F,147.18,0.8646701163882542,0.636,0.0,0.867235898206298,0.8646701163882542
