three,one,MW,lambdas,sigmas,q,lambdas_-1,lambdas_0
ARG,R,156.19,0.6760899832907542,0.656,1.0,0.730762476751717,0.6760899832907542
ASP,D,115.09,0.0035371253893868816,0.558,-1.0,0.0416040480605567,0.0035371253893868816
ASN,N,114.1,0.40293883918300655,0.568,0.0,0.425585900978771,0.40293883918300655
GLU,E,129.11,0.000237139232655032,0.592,-1.0,0.0006935460962935,0.000237139232655032
LYS,K,128.17,0.15775181312951758,0.636,1.0,0.179021173899058,0.15775181312951758
HIS,H,137.14,0.5133472050819503,0.608,0.0,0.466366729055799,0.5133472050819503
GLN,Q,128.13,0.33946032767975953,0.602,0.0,0.393431855105604,0.33946032767975953
SER,S,87.08,0.36635030728181583,0.518,0.0,0.462541681161154,0.36635030728181583
CYS,C,103.14,0.5498629872302467,0.548,0.0,0.561543509914178,0.5498629872302467
GLY,G,57.05,0.8189590699504504,0.45,0.0,0.70588437336664,0.8189590699504504
THR,T,101.11,0.2962127598999259,0.562,0.0,0.371316297627396,0.2962127598999259
ALA,A,71.07,0.28121824748778174,0.504,0.0,0.274329796904035,0.28121824748778174
MET,M,131.2,0.527948056085125,0.618,0.0,0.53084811343375,0.527948056085125
TYR,Y,163.18,0.9169499315069123,0.646,0.0,0.977461144934346,0.9169499315069123
VAL,V,99.13,0.22560115161985245,0.586,0.0,0.208376960817448,0.22560115161985245
TRP,W,186.22,0.9880168963024609,0.678,0.0,0.989376474037164,0.9880168963024609
LEU,L,113.16,0.5533083147206879,0.618,0.0,0.644000500778223,0.5533083147206879
ILE,I,113.16,0.5387173562782398,0.618,0.0,0.542362361067189,0.5387173562782398
PRO,P,97.12,0.26160161667865306,0.556,0.0,0.359312657636464,0.26160161667865306
PHE,F,147.18,0.8691549345994447,0.636,0.0,0.867235898206298,0.8691549345994447
