three,one,MW,lambdas,sigmas,q,lambdas_-1,lambdas_0
ARG,R,156.19,0.6953019261277155,0.656,1.0,0.730762476751717,0.6953019261277155
ASP,D,115.09,0.006272263390894543,0.558,-1.0,0.0416040480605567,0.006272263390894543
ASN,N,114.1,0.40312702554045843,0.568,0.0,0.425585900978771,0.40312702554045843
GLU,E,129.11,0.003028342328459321,0.592,-1.0,0.0006935460962935,0.003028342328459321
LYS,K,128.17,0.15191441771569902,0.636,1.0,0.179021173899058,0.15191441771569902
HIS,H,137.14,0.4900904120758159,0.608,0.0,0.466366729055799,0.4900904120758159
GLN,Q,128.13,0.3647806571552706,0.602,0.0,0.393431855105604,0.3647806571552706
SER,S,87.08,0.40046280090747766,0.518,0.0,0.462541681161154,0.40046280090747766
CYS,C,103.14,0.5637600687848793,0.548,0.0,0.561543509914178,0.5637600687848793
GLY,G,57.05,0.771541427660515,0.45,0.0,0.70588437336664,0.771541427660515
THR,T,101.11,0.3117893401034185,0.562,0.0,0.371316297627396,0.3117893401034185
ALA,A,71.07,0.2612802182554672,0.504,0.0,0.274329796904035,0.2612802182554672
MET,M,131.2,0.5247015033249425,0.618,0.0,0.53084811343375,0.5247015033249425
TYR,Y,163.18,0.928952527094031,0.646,0.0,0.977461144934346,0.928952527094031
VAL,V,99.13,0.2121988428178479,0.586,0.0,0.208376960817448,0.2121988428178479
TRP,W,186.22,0.9982157576191264,0.678,0.0,0.989376474037164,0.9982157576191264
LEU,L,113.16,0.580856118979139,0.618,0.0,0.644000500778223,0.580856118979139
ILE,I,113.16,0.5223324745649778,0.618,0.0,0.542362361067189,0.5223324745649778
PRO,P,97.12,0.2810322933111438,0.556,0.0,0.359312657636464,0.2810322933111438
PHE,F,147.18,0.869376035621832,0.636,0.0,0.867235898206298,0.869376035621832
