three,one,MW,lambdas,sigmas,q,lambdas_-1,lambdas_0
ARG,R,156.19,0.647883326581299,0.656,1.0,0.730762476751717,0.647883326581299
ASP,D,115.09,0.02373130965500154,0.558,-1.0,0.0416040480605567,0.02373130965500154
ASN,N,114.1,0.2759320255263859,0.568,0.0,0.425585900978771,0.2759320255263859
GLU,E,129.11,0.0024002447989009967,0.592,-1.0,0.0006935460962935,0.0024002447989009967
LYS,K,128.17,0.18780651946331037,0.636,1.0,0.179021173899058,0.18780651946331037
HIS,H,137.14,0.6479102226549831,0.608,0.0,0.466366729055799,0.6479102226549831
GLN,Q,128.13,0.3510375141351044,0.602,0.0,0.393431855105604,0.3510375141351044
SER,S,87.08,0.2741174960166378,0.518,0.0,0.462541681161154,0.2741174960166378
CYS,C,103.14,0.6280309470942333,0.548,0.0,0.561543509914178,0.6280309470942333
GLY,G,57.05,0.9640031953344758,0.45,0.0,0.70588437336664,0.9640031953344758
THR,T,101.11,0.28735431822168955,0.562,0.0,0.371316297627396,0.28735431822168955
ALA,A,71.07,0.3425279709781437,0.504,0.0,0.274329796904035,0.3425279709781437
MET,M,131.2,0.6113622492886406,0.618,0.0,0.53084811343375,0.6113622492886406
TYR,Y,163.18,0.8334426275403851,0.646,0.0,0.977461144934346,0.8334426275403851
VAL,V,99.13,0.3416684441859966,0.586,0.0,0.208376960817448,0.3416684441859966
TRP,W,186.22,0.9771519563567195,0.678,0.0,0.989376474037164,0.9771519563567195
LEU,L,113.16,0.46080901123900886,0.618,0.0,0.644000500778223,0.46080901123900886
ILE,I,113.16,0.4818174877260311,0.618,0.0,0.542362361067189,0.4818174877260311
PRO,P,97.12,0.1403894437834567,0.556,0.0,0.359312657636464,0.1403894437834567
PHE,F,147.18,0.8121534754691065,0.636,0.0,0.867235898206298,0.8121534754691065
