three,one,MW,lambdas,sigmas,q,lambdas_-1,lambdas_0
ARG,R,156.19,0.6916526014673868,0.656,1.0,0.730762476751717,0.6916526014673868
ASP,D,115.09,0.013759297325930231,0.558,-1.0,0.0416040480605567,0.013759297325930231
ASN,N,114.1,0.4245794999331347,0.568,0.0,0.425585900978771,0.4245794999331347
GLU,E,129.11,0.0007616023146056541,0.592,-1.0,0.0006935460962935,0.0007616023146056541
LYS,K,128.17,0.14956606282065185,0.636,1.0,0.179021173899058,0.14956606282065185
HIS,H,137.14,0.46214101880174724,0.608,0.0,0.466366729055799,0.46214101880174724
GLN,Q,128.13,0.3518517057763379,0.602,0.0,0.393431855105604,0.3518517057763379
SER,S,87.08,0.4000708320886138,0.518,0.0,0.462541681161154,0.4000708320886138
CYS,C,103.14,0.5443576236135562,0.548,0.0,0.561543509914178,0.5443576236135562
GLY,G,57.05,0.7683312099607734,0.45,0.0,0.70588437336664,0.7683312099607734
THR,T,101.11,0.32647258985932504,0.562,0.0,0.371316297627396,0.32647258985932504
ALA,A,71.07,0.2675388891393448,0.504,0.0,0.274329796904035,0.2675388891393448
MET,M,131.2,0.5299232800231701,0.618,0.0,0.53084811343375,0.5299232800231701
TYR,Y,163.18,0.9508496347585499,0.646,0.0,0.977461144934346,0.9508496347585499
VAL,V,99.13,0.20609705684279916,0.586,0.0,0.208376960817448,0.20609705684279916
TRP,W,186.22,0.9694021048200303,0.678,0.0,0.989376474037164,0.9694021048200303
LEU,L,113.16,0.5727948622323292,0.618,0.0,0.644000500778223,0.5727948622323292
ILE,I,113.16,0.5146144047888316,0.618,0.0,0.542362361067189,0.5146144047888316
PRO,P,97.12,0.3120255857795881,0.556,0.0,0.359312657636464,0.3120255857795881
PHE,F,147.18,0.8619350886553171,0.636,0.0,0.867235898206298,0.8619350886553171
