one,sigmas,MW,q,three,variable_sigma,average_sigma,CALVADOS_2,HPS_Urry
R,0.6559999999999999,156.19,1,ARG,0.6687991165499834,0.6757319203849735,0.7307624767517166,0.4788239999999999
D,0.558,115.09,-1,ASP,0.0170317609750896,0.0151721910856309,0.0416040480605567,0.214119
N,0.568,114.1,0,ASN,0.4189852083609637,0.3767017307909217,0.4255859009787713,0.508236
E,0.592,129.11,-1,GLU,0.0009203058542355,0.0016800568242623,0.0006935460962935,-0.08
K,0.636,128.17,1,LYS,0.1481301960699544,0.1240837929450422,0.1790211738990582,0.302354
H,0.608,137.14,0,HIS,0.48783219660047,0.4579238875433957,0.4663667290557992,0.6847070000000001
Q,0.602,128.13,0,GLN,0.3756491427125347,0.3659225450429925,0.3934318551056041,0.4788239999999999
S,0.518,87.08,0,SER,0.3629662740446726,0.3587482046223769,0.4625416811611541,0.508236
C,0.548,103.14,0,CYS,0.5557713927066814,0.575973617480795,0.5615435099141777,0.56706
G,0.45,57.05,0,GLY,0.7930017201701172,0.7379286230451245,0.7058843733666401,0.4935299999999999
T,0.562,101.11,0,THR,0.3338353182541731,0.3310274046822566,0.3713162976273964,0.508236
A,0.504,71.07,0,ALA,0.24501013825424,0.2639904585573543,0.2743297969040348,0.522942
M,0.618,131.2,0,MET,0.5061028818482987,0.5180232299838544,0.5308481134337497,0.5964710000000001
Y,0.646,163.18,0,TYR,0.9398889664140294,0.9473970392507244,0.9774611449343455,0.8170590000000001
V,0.5860000000000001,99.13,0,VAL,0.2093447325708029,0.2158761551242088,0.2083769608174481,0.5847070000000001
W,0.678,186.22,0,TRP,0.9912241165866178,0.999447075623942,0.9893764740371644,0.92
L,0.618,113.16,0,LEU,0.5742235671318973,0.6043891326941297,0.6440005007782226,0.6405890000000001
I,0.618,113.16,0,ILE,0.5315201192633824,0.5083291230633536,0.5423623610671892,0.6258830000000001
P,0.5559999999999999,97.12,0,PRO,0.2888290587321891,0.271482442832536,0.3593126576364644,0.6788240000000001
F,0.636,147.18,0,PHE,0.8829893049691641,0.8419671413433484,0.8672358982062975,0.74353
