,Wimley,Bishop reverse,Urry,PONG2,lambda_ori,lambda_ave
R,0.3126614987080103,0.4358974358974359,0.5588239999999999,0.4336283185840709,0.6687991165499834,0.6757319203849735
D,0.2041343669250646,0.2051282051282051,0.294119,0.1362831858407079,0.0170317609750896,0.0151721910856309
N,0.41343669250646,0.4102564102564103,0.588236,0.5238938053097346,0.4189852083609637,0.3767017307909217
E,0.0,0.0,0.0,0.0,0.0009203058542355,0.0016800568242623
K,0.2661498708010336,0.3846153846153846,0.382354,0.1415929203539824,0.1481301960699544,0.1240837929450422
H,0.4780361757105943,0.4615384615384614,0.764707,0.6831858407079647,0.48783219660047,0.4579238875433957
Q,0.3720930232558139,0.358974358974359,0.5588239999999999,0.368141592920354,0.3756491427125347,0.3659225450429925
S,0.4883720930232558,0.4871794871794872,0.588236,0.663716814159292,0.3629662740446726,0.3587482046223769
C,0.5839793281653746,0.5897435897435896,0.64706,0.8991150442477875,0.5557713927066814,0.575973617480795
G,0.5193798449612403,0.5128205128205128,0.5735299999999999,0.5522123893805311,0.7930017201701172,0.7379286230451245
T,0.4857881136950904,0.4871794871794872,0.588236,0.3398230088495574,0.3338353182541731,0.3310274046822566
A,0.4780361757105943,0.4615384615384614,0.602942,0.5840707964601771,0.24501013825424,0.2639904585573543
M,0.5813953488372093,0.5641025641025641,0.676471,0.4849557522123894,0.5061028818482987,0.5180232299838544
Y,0.7648578811369509,0.7692307692307692,0.897059,0.5026548672566371,0.9398889664140294,0.9473970392507244
V,0.5038759689922481,0.4871794871794872,0.664707,0.5398230088495576,0.2093447325708029,0.2158761551242088
W,1.0,1.0,1.0,1.0,0.9912241165866178,0.999447075623942
L,0.6666666666666666,0.6666666666666667,0.720589,0.4796460176991152,0.5742235671318973,0.6043891326941297
I,0.6020671834625323,0.5897435897435896,0.705883,0.6849557522123895,0.5315201192633824,0.5083291230633536
P,0.4056847545219638,0.4102564102564103,0.758824,0.4035398230088497,0.2888290587321891,0.271482442832536
F,0.813953488372093,0.7948717948717949,0.82353,0.4619469026548674,0.8829893049691641,0.8419671413433484
