one,three,MW,lambdas,sigmas,q
R,ARG,156.19,0.6868590371925103,0.656,1.0
D,ASP,115.09,0.003546756130825,0.558,-1.0
N,ASN,114.1,0.4011397782748638,0.568,0.0
E,GLU,129.11,0.0018086241302866,0.592,-1.0
K,LYS,128.17,0.1386144694042863,0.636,1.0
H,HIS,137.14,0.4813461708229126,0.608,0.0
Q,GLN,128.13,0.3515011473523151,0.602,0.0
S,SER,87.08,0.3957084600940022,0.518,0.0
C,CYS,103.14,0.5719589109633982,0.548,0.0
G,GLY,57.05,0.7865826018244321,0.45,0.0
T,THR,101.11,0.3286461453380993,0.562,0.0
A,ALA,71.07,0.2719523304842627,0.504,0.0
M,MET,131.2,0.5108878584326423,0.618,0.0
Y,TYR,163.18,0.9453563265515444,0.646,0.0
V,VAL,99.13,0.1912160329721379,0.586,0.0
W,TRP,186.22,0.9785964564371769,0.678,0.0
L,LEU,113.16,0.5927991927048643,0.618,0.0
I,ILE,113.16,0.51753926646303,0.618,0.0
P,PRO,97.12,0.2979052924920208,0.556,0.0
F,PHE,147.18,0.8639767632039128,0.636,0.0
