three,one,MW,lambdas,sigmas,q,lambdas_-1,lambdas_0
ARG,R,156.19,0.7132513175527773,0.656,1.0,0.730762476751717,0.7132513175527773
ASP,D,115.09,0.015283880713620197,0.558,-1.0,0.0416040480605567,0.015283880713620197
ASN,N,114.1,0.41258827043222224,0.568,0.0,0.425585900978771,0.41258827043222224
GLU,E,129.11,0.001418506038040545,0.592,-1.0,0.0006935460962935,0.001418506038040545
LYS,K,128.17,0.1616364404801582,0.636,1.0,0.179021173899058,0.1616364404801582
HIS,H,137.14,0.46607767328339395,0.608,0.0,0.466366729055799,0.46607767328339395
GLN,Q,128.13,0.3696350998555029,0.602,0.0,0.393431855105604,0.3696350998555029
SER,S,87.08,0.38437329717357777,0.518,0.0,0.462541681161154,0.38437329717357777
CYS,C,103.14,0.5412106821721059,0.548,0.0,0.561543509914178,0.5412106821721059
GLY,G,57.05,0.7603891375262533,0.45,0.0,0.70588437336664,0.7603891375262533
THR,T,101.11,0.33163890001103125,0.562,0.0,0.371316297627396,0.33163890001103125
ALA,A,71.07,0.2663117986131219,0.504,0.0,0.274329796904035,0.2663117986131219
MET,M,131.2,0.5450354974188629,0.618,0.0,0.53084811343375,0.5450354974188629
TYR,Y,163.18,0.968139608541404,0.646,0.0,0.977461144934346,0.968139608541404
VAL,V,99.13,0.20853767812214866,0.586,0.0,0.208376960817448,0.20853767812214866
TRP,W,186.22,0.9906207925007033,0.678,0.0,0.989376474037164,0.9906207925007033
LEU,L,113.16,0.5881458054078162,0.618,0.0,0.644000500778223,0.5881458054078162
ILE,I,113.16,0.5196637558314724,0.618,0.0,0.542362361067189,0.5196637558314724
PRO,P,97.12,0.2881234360587861,0.556,0.0,0.359312657636464,0.2881234360587861
PHE,F,147.18,0.8728377377541664,0.636,0.0,0.867235898206298,0.8728377377541664
