three,one,MW,lambdas,sigmas,q,lambdas_-1,lambdas_0
ARG,R,156.19,0.6810017067534478,0.656,1.0,0.730762476751717,0.6810017067534478
ASP,D,115.09,0.005789427468143531,0.558,-1.0,0.0416040480605567,0.005789427468143531
ASN,N,114.1,0.3922919429334957,0.568,0.0,0.425585900978771,0.3922919429334957
GLU,E,129.11,0.0002438173363813129,0.592,-1.0,0.0006935460962935,0.0002438173363813129
LYS,K,128.17,0.13599805765759115,0.636,1.0,0.179021173899058,0.13599805765759115
HIS,H,137.14,0.48374062221232067,0.608,0.0,0.466366729055799,0.48374062221232067
GLN,Q,128.13,0.35791948149498576,0.602,0.0,0.393431855105604,0.35791948149498576
SER,S,87.08,0.3770529538893339,0.518,0.0,0.462541681161154,0.3770529538893339
CYS,C,103.14,0.5572115647610769,0.548,0.0,0.561543509914178,0.5572115647610769
GLY,G,57.05,0.7946275765287499,0.45,0.0,0.70588437336664,0.7946275765287499
THR,T,101.11,0.30214904393466047,0.562,0.0,0.371316297627396,0.30214904393466047
ALA,A,71.07,0.2640709038957259,0.504,0.0,0.274329796904035,0.2640709038957259
MET,M,131.2,0.5089388782944059,0.618,0.0,0.53084811343375,0.5089388782944059
TYR,Y,163.18,0.9551869548046524,0.646,0.0,0.977461144934346,0.9551869548046524
VAL,V,99.13,0.20676285722447893,0.586,0.0,0.208376960817448,0.20676285722447893
TRP,W,186.22,0.9819466725463505,0.678,0.0,0.989376474037164,0.9819466725463505
LEU,L,113.16,0.5990822833257402,0.618,0.0,0.644000500778223,0.5990822833257402
ILE,I,113.16,0.5272155140776381,0.618,0.0,0.542362361067189,0.5272155140776381
PRO,P,97.12,0.2969693394939324,0.556,0.0,0.359312657636464,0.2969693394939324
PHE,F,147.18,0.8838250749655451,0.636,0.0,0.867235898206298,0.8838250749655451
